ID_ARBRE,site,diametre,hauteur,esperance_maintien
559,Avenue du Maréchal Foch,44.563384065730695,800,2.0
560,Avenue Saint-Fiacre,38.19718634205488,800,1.0
561,Avenue du Maréchal Foch,63.66197723675813,800,2.0
562,Rue Saint-Leger,22.281692032865347,500,1.0
563,Rue Saint-Leger,70.02817496043394,500,2.0
564,Rue Turgot,31.830988618379067,700,1.0
565,RN13,35.01408748021697,500,1.0
566,Rue Saint-Leger,15.915494309189532,600,1.0
567,RN13,35.01408748021697,500,1.0
568,Avenue du Maréchal Foch,50.92958178940651,800,2.0
569,Bois Schnapper,38.19718634205488,1200,3.0
570,Rue Président Roosevelt,28.64788975654116,500,1.0
571,Rue du Docteur Jean Paul Lamare,19.09859317102744,500,1.0
572,Avenue Gambetta,50.92958178940651,600,1.0
573,RN13,31.830988618379067,500,1.0
574,Rue Pereire,31.830988618379067,700,1.0
575,Avenue du Maréchal Foch,66.84507609859604,800,2.0
576,Avenue Gambetta,50.92958178940651,600,1.0
577,Rue Président Roosevelt,15.915494309189532,400,1.0
578,Place des Combattants,28.64788975654116,500,3.0
579,Avenue Gambetta,63.66197723675813,600,1.0
580,Rue Saint-Leger,70.02817496043394,500,2.0
581,Place Christiane Frahier,22.281692032865347,400,3.0
582,Rue Pereire,38.19718634205488,700,1.0
583,RN13,25.464790894703256,600,1.0
584,Rue Saint-Leger,35.01408748021697,700,1.0
585,RN13,35.01408748021697,500,1.0
586,Rue Saint-Leger,35.01408748021697,700,1.0
587,Nouveau cimetière,41.38028520389279,1200,1.0
588,Carrefour RN13,47.7464829275686,1000,1.0
589,Bois Schnapper,44.563384065730695,1000,4.0
590,Rue Bastiat,19.09859317102744,500,1.0
591,Avenue Saint-Fiacre,54.11268065124442,800,1.0
592,Avenue Gambetta,41.38028520389279,600,1.0
593,Avenue du Maréchal Foch,47.7464829275686,800,2.0
594,Carrefour RN13,63.66197723675813,1600,1.0
595,Rue Léon Désoyer,28.64788975654116,500,1.0
596,Place Christiane Frahier,28.64788975654116,400,3.0
597,Avenue Gambetta,54.11268065124442,600,1.0
599,Rue de l'Aurore,31.830988618379067,600,1.0
600,Rue Pereire,31.830988618379067,700,1.0
601,Rue Président Roosevelt,31.830988618379067,500,1.0
602,RN13,35.01408748021697,500,1.0
603,Avenue Gambetta,60.47887837492023,600,1.0
604,Avenue Gambetta,60.47887837492023,600,1.0
605,Rue Pereire,25.464790894703256,700,1.0
606,RN13,38.19718634205488,500,1.0
607,Rue Turgot,15.915494309189532,500,1.0
608,Rue de Gramont,41.38028520389279,500,1.0
609,Rue de Gramont,44.563384065730695,500,1.0
610,RN13,41.38028520389279,500,1.0
611,Rue Saint-Leger,19.09859317102744,600,1.0
612,RN13,38.19718634205488,500,1.0
613,Rue de Gramont,35.01408748021697,500,1.0
615,Rue Léon Désoyer,28.64788975654116,500,1.0
616,RN13,35.01408748021697,500,1.0
617,Avenue Gambetta,57.29577951308232,600,1.0
618,Place Christiane Frahier,28.64788975654116,400,3.0
619,Avenue Gambetta,38.19718634205488,600,1.0
620,Avenue du Maréchal Foch,82.76057040778558,800,2.0
621,RN13,38.19718634205488,500,1.0
622,Rue Saint-Leger,15.915494309189532,600,1.0
623,RN13,25.464790894703256,600,1.0
624,Rue Saint-Leger,22.281692032865347,500,1.0
625,Avenue du Maréchal Foch,47.7464829275686,800,2.0
626,Rue Président Roosevelt,22.281692032865347,500,1.0
627,RN13,41.38028520389279,500,1.0
628,Rue de l'Aurore,50.92958178940651,600,1.0
629,Avenue du Maréchal Foch,31.830988618379067,800,2.0
630,Rue Turgot,28.64788975654116,700,1.0
631,Rue Bastiat,60.47887837492023,700,3.0
632,RN13,35.01408748021697,500,1.0
633,RN13,31.830988618379067,500,1.0
634,Rue Saint-Leger,35.01408748021697,700,1.0
635,Rue Léon Désoyer,28.64788975654116,500,1.0
636,RN13,31.830988618379067,500,1.0
637,Avenue du Maréchal Foch,63.66197723675813,800,2.0
638,Avenue Saint-Fiacre,54.11268065124442,500,1.0
639,RN13,22.281692032865347,500,1.0
640,Rue Pereire,35.01408748021697,700,1.0
641,Rue Pereire,31.830988618379067,700,1.0
642,Rue de Gramont,28.64788975654116,500,1.0
643,Avenue Gambetta,57.29577951308232,600,1.0
644,Avenue du Maréchal Foch,60.47887837492023,800,2.0
645,RN13,38.19718634205488,500,1.0
646,Rue Saint-Leger,19.09859317102744,600,1.0
647,Rue Bastiat,19.09859317102744,500,2.0
648,Avenue du Maréchal Foch,57.29577951308232,800,2.0
649,Rue Saint-Leger,25.464790894703256,500,1.0
650,Square Giraud Teulon,44.563384065730695,600,1.0
651,Rue Pereire,38.19718634205488,700,1.0
652,RN13,38.19718634205488,500,1.0
653,RN13,31.830988618379067,500,1.0
654,RN13,35.01408748021697,500,1.0
655,Rue du Docteur Jean Paul Lamare,38.19718634205488,500,1.0
656,Avenue du Maréchal Foch,70.02817496043394,800,2.0
657,Rue Pereire,41.38028520389279,700,1.0
658,RN13,38.19718634205488,500,1.0
659,Rue Saint-Leger,44.563384065730695,700,1.0
660,RN13,25.464790894703256,500,1.0
661,Avenue Gambetta,54.11268065124442,600,1.0
662,RN13,38.19718634205488,500,1.0
663,Rue Saint-Leger,70.02817496043394,500,2.0
664,Nouveau cimetière,50.92958178940651,1200,1.0
665,Nouveau cimetière,38.19718634205488,1200,1.0
666,Avenue Saint-Fiacre,44.563384065730695,800,1.0
667,Avenue du Maréchal Foch,105.04226244065092,800,4.0
668,Nouveau cimetière,63.66197723675813,1200,1.0
669,Rue de Gramont,31.830988618379067,500,1.0
671,RN13,15.915494309189532,500,1.0
672,Avenue Saint-Fiacre,101.85916357881302,2000,1.0
673,Avenue du Maréchal Foch,63.66197723675813,800,2.0
674,Rue Turgot,28.64788975654116,700,1.0
675,RN13,31.830988618379067,500,1.0
676,Place de la victoire,28.64788975654116,500,1.0
677,Avenue Gambetta,47.7464829275686,600,1.0
678,Rue Saint-Leger,19.09859317102744,600,1.0
679,Nouveau cimetière,38.19718634205488,1200,1.0
680,Place des Combattants,35.01408748021697,500,1.0
681,Rue de Gramont,25.464790894703256,500,1.0
682,Avenue du Maréchal Foch,73.21127382227186,800,2.0
683,Rue de Gramont,35.01408748021697,500,1.0
684,Avenue du Maréchal Foch,89.12676813146139,800,2.0
685,RN13,31.830988618379067,500,1.0
686,RN13,31.830988618379067,500,1.0
687,Avenue du Maréchal Foch,76.39437268410977,800,2.0
688,Rue de l'Aurore,44.563384065730695,600,1.0
689,Place Christiane Frahier,28.64788975654116,400,3.0
690,Rue de Gramont,22.281692032865347,500,1.0
691,Avenue du Maréchal Foch,57.29577951308232,800,2.0
692,Avenue Saint-Fiacre,105.04226244065092,2000,1.0
693,Rue Saint-Leger,22.281692032865347,500,1.0
694,Avenue du Maréchal Foch,66.84507609859604,800,2.0
695,Rue Pereire,38.19718634205488,500,1.0
696,Avenue Carnot,38.19718634205488,500,1.0
697,RN13,35.01408748021697,500,1.0
698,Rue Président Roosevelt,35.01408748021697,500,1.0
