ID_ARBRE,classification_diagnostic
559,C1
560,C2
561,C1
562,C2
563,C3
564,C2
565,C1
566,C1
567,C2
568,C1
569,C2
570,C2
571,C2
572,C2
573,C1
574,C2
575,C1
576,C2
577,C2
578,C2
579,C2
580,C2
581,C2
582,C1
583,C1
584,C2
585,C2
586,C2
587,C2
588,C3
589,C2
590,C2
591,C2
592,C2
593,C1
594,C2
595,C2
596,C3
597,C2
599,C2
600,C2
601,C2
602,C2
603,C2
604,C2
605,C3
606,C1
607,C2
608,C3
609,C3
610,C1
611,C1
612,C1
613,C3
615,C2
616,C2
617,C2
618,C3
619,C2
620,C1
621,C2
622,C1
623,C1
624,C2
625,C1
626,C2
627,C2
628,C2
629,C2
630,C2
631,C3
632,C2
633,C2
634,C1
635,C2
636,C1
637,C1
638,C1
639,C1
640,C3
641,C2
642,C2
643,C2
644,C1
645,C2
646,C1
647,C3
648,C1
649,C2
650,C3
651,C1
652,C1
653,C1
654,C2
655,C2
656,C1
657,C2
658,C2
659,C2
660,C1
661,C2
662,C1
663,C3
664,C2
665,C2
666,C2
667,C1
668,C2
669,C2
671,C1
672,C2
673,C1
674,C2
675,C1
676,C1
677,C2
678,C1
679,C2
680,C2
681,C2
682,C1
683,C3
684,C2
685,C1
686,C1
687,C1
688,C2
689,C3
690,C2
691,C1
692,C2
693,C2
694,C1
695,C1
696,C1
697,C1
698,C2
