,classification_diagnostic
0,C2
1,C2
2,C2
3,C1
4,C4
5,C2
6,C2
7,C1
8,C2
9,C2
10,C5
11,C1
12,C1
13,C2
14,C1
15,C1
16,C2
17,C2
18,C1
19,C3
20,C2
21,C4
22,C1
23,C2
24,C1
25,C2
26,C2
27,C2
28,C2
29,C2
30,C5
31,C1
32,C2
33,C2
34,C2
35,C2
36,C1
37,C1
38,C2
39,C2
40,C2
41,C1
42,C2
43,C2
44,C2
45,C1
46,C2
47,C1
48,C2
49,C2
50,C2
51,C1
52,C2
53,C2
54,C1
55,C2
56,C2
57,C1
58,C2
59,C2
60,C2
61,C1
62,C1
63,C1
64,C2
65,C1
66,C2
67,C2
68,C2
69,C2
70,C3
71,C2
72,C2
73,C2
74,C1
75,C1
76,C2
77,C2
78,C1
79,C1
80,C2
81,C2
82,C2
83,C2
84,C2
85,C1
86,C1
87,C2
88,C1
89,C2
90,C2
91,C2
92,C1
93,C2
94,C2
95,C2
96,C2
97,C2
98,C2
99,C1
100,C2
101,C2
102,C4
103,C1
104,C1
105,C1
106,C5
107,C1
108,C2
109,C1
110,C2
111,C2
112,C2
113,C2
114,C1
115,C2
116,C1
117,C2
118,C2
119,C2
120,C2
121,C2
122,C2
123,C1
124,C1
125,C2
126,C2
127,C1
128,C2
129,C2
130,C2
131,C1
132,C2
133,C2
134,C2
135,C2
136,C1
