ID_ARBRE,site,diametre,hauteur,esperance_maintien,classification_diagnostic
0,RN13,31.830988618379067,500,1.0,C1
1,Avenue du Maréchal Foch,76.39437268410977,800,2.0,C4
2,RN13,38.19718634205488,500,1.0,C1
3,Avenue Gambetta,66.84507609859604,600,1.0,C2
4,Rue Thiers,25.464790894703256,400,1.0,C2
5,RN13,28.64788975654116,500,1.0,C2
6,Avenue du Maréchal Foch,63.66197723675813,800,2.0,C2
7,Rue Turgot,28.64788975654116,700,1.0,C2
9,Rue Pereire,54.11268065124442,700,1.0,C2
10,Avenue Gambetta,57.29577951308232,600,1.0,C2
11,Avenue Gambetta,63.66197723675813,600,1.0,C2
12,Rue Turgot,25.464790894703256,700,1.0,C2
13,Rue Président Roosevelt,28.64788975654116,500,1.0,C2
14,Carrefour RN13,190.9859317102744,1600,1.0,C2
15,Rue Président Roosevelt,31.830988618379067,500,1.0,C2
16,RN13,28.64788975654116,600,1.0,C1
17,Rue Saint-Leger,38.19718634205488,700,1.0,C2
18,Avenue du Maréchal Foch,70.02817496043394,800,2.0,C2
19,Rue de Gramont,31.830988618379067,500,1.0,C2
20,Avenue du Maréchal Foch,76.39437268410977,800,2.0,C2
21,Rue Turgot,25.464790894703256,700,1.0,C1
22,Avenue Gambetta,57.29577951308232,600,1.0,C2
23,Rue Pereire,28.64788975654116,700,1.0,C1
24,RN13,35.01408748021697,500,1.0,C1
25,Avenue Gambetta,54.11268065124442,600,1.0,C2
27,Rue Turgot,35.01408748021697,700,1.0,C1
28,Nouveau cimetière,47.7464829275686,1200,1.0,C1
29,Avenue Saint-Fiacre,41.38028520389279,800,1.0,C2
30,RN13,35.01408748021697,500,1.0,C1
31,Avenue du Maréchal Foch,60.47887837492023,800,2.0,C2
32,Avenue du Maréchal Foch,73.21127382227186,800,2.0,C2
33,Rue Pereire,54.11268065124442,1200,1.0,C2
34,RN13,31.830988618379067,500,1.0,C1
36,Rue Saint-Leger,15.915494309189532,600,1.0,C1
37,Avenue du Maréchal Foch,19.09859317102744,800,2.0,C2
38,Avenue Saint-Fiacre,44.563384065730695,250,1.0,C2
39,Avenue Gambetta,50.92958178940651,600,1.0,C2
40,Carrefour RN13,66.84507609859604,1800,1.0,C2
41,RN13,28.64788975654116,600,1.0,C1
42,Avenue du Maréchal Foch,57.29577951308232,800,2.0,C2
43,RN13,31.830988618379067,500,1.0,C1
44,RN13,38.19718634205488,500,1.0,C2
45,RN13,35.01408748021697,500,1.0,C1
46,Avenue Gambetta,57.29577951308232,600,1.0,C2
47,Rue Président Roosevelt,38.19718634205488,500,1.0,C2
48,Avenue du Maréchal Foch,79.57747154594767,800,2.0,C2
49,Rue Pereire,15.915494309189532,700,1.0,C2
50,Avenue du Maréchal Foch,66.84507609859604,800,2.0,C2
51,Place des Combattants,31.830988618379067,500,1.0,C2
52,Rue Léon Désoyer,31.830988618379067,500,1.0,C2
53,Avenue Gambetta,73.21127382227186,600,1.0,C2
54,Rue Thiers,31.830988618379067,400,1.0,C1
55,RN13,35.01408748021697,500,1.0,C1
56,Rue de l'Aurore,54.11268065124442,600,1.0,C2
57,Avenue Saint-Fiacre,31.830988618379067,500,1.0,C1
58,Avenue Saint-Fiacre,50.92958178940651,500,1.0,C1
59,Avenue Saint-Fiacre,41.38028520389279,800,1.0,C2
60,Rue de Gramont,38.19718634205488,500,1.0,C2
61,Avenue du Maréchal Foch,60.47887837492023,800,2.0,C2
62,Rue Thiers,25.464790894703256,400,1.0,C2
63,RN13,38.19718634205488,500,1.0,C2
64,Avenue Saint-Fiacre,38.19718634205488,800,1.0,C2
65,Avenue Saint-Fiacre,41.38028520389279,250,1.0,C2
66,Rue Léon Désoyer,31.830988618379067,500,1.0,C2
67,Avenue du Maréchal Foch,66.84507609859604,800,2.0,C2
68,Rue Saint-Leger,70.02817496043394,500,2.0,C4
69,RN13,31.830988618379067,500,1.0,C2
70,Rue du Docteur Jean Paul Lamare,28.64788975654116,500,1.0,C2
71,Rue Turgot,31.830988618379067,700,1.0,C1
72,Place des Combattants,44.563384065730695,500,1.0,C2
73,Place Christiane Frahier,22.281692032865347,400,3.0,C1
74,Avenue du Maréchal Foch,70.02817496043394,800,2.0,C2
75,Avenue Saint-Fiacre,95.4929658551372,2000,1.0,C3
76,Carrefour RN13,54.11268065124442,1000,1.0,C2
77,Bois Schnapper,82.76057040778558,2200,3.0,C3
78,RN13,38.19718634205488,500,1.0,C1
79,Rue de Gramont,38.19718634205488,500,1.0,C2
80,Avenue Saint-Fiacre,117.77465788800257,400,3.0,C5
81,Rue de Gramont,35.01408748021697,500,1.0,C2
83,Avenue Gambetta,57.29577951308232,600,1.0,C2
84,Avenue Gambetta,50.92958178940651,600,1.0,C2
85,Carrefour RN13,47.7464829275686,1800,1.0,C2
86,RN13,35.01408748021697,500,1.0,C1
87,RN13,35.01408748021697,500,1.0,C2
88,RN13,31.830988618379067,500,1.0,C1
89,RN13,38.19718634205488,500,1.0,C2
90,Rue de Gramont,35.01408748021697,500,1.0,C2
91,Rue Pereire,73.21127382227186,1200,1.0,C2
92,Avenue du Maréchal Foch,66.84507609859604,800,2.0,C2
93,RN13,25.464790894703256,500,1.0,C2
94,RN13,35.01408748021697,500,1.0,C1
95,RN13,31.830988618379067,500,1.0,C1
96,Avenue Saint-Fiacre,80.21409131831525,2000,1.0,C2
97,Nouveau cimetière,50.92958178940651,1200,1.0,C1
98,Avenue Gambetta,66.84507609859604,600,1.0,C2
99,Rue Léon Désoyer,35.01408748021697,500,1.0,C2
100,Rue de Gramont,38.19718634205488,500,1.0,C2
101,RN13,38.19718634205488,500,1.0,C1
102,Rue Pereire,47.7464829275686,700,1.0,C3
103,RN13,28.64788975654116,600,1.0,C1
104,Avenue Gambetta,76.39437268410977,600,1.0,C2
105,RN13,31.830988618379067,500,1.0,C1
106,Rue Saint-Leger,22.281692032865347,500,1.0,C1
107,Rue Turgot,35.01408748021697,700,1.0,C2
108,Avenue Saint-Fiacre,22.281692032865347,500,1.0,C1
109,Rue Président Roosevelt,25.464790894703256,500,1.0,C2
110,Avenue du Maréchal Foch,54.11268065124442,800,2.0,C2
111,Avenue du Maréchal Foch,76.39437268410977,800,2.0,C2
112,Avenue Gambetta,44.563384065730695,600,1.0,C2
113,Avenue du Maréchal Foch,57.29577951308232,800,2.0,C2
114,Rue Thiers,19.09859317102744,400,1.0,C2
115,Avenue du Maréchal Foch,60.47887837492023,800,2.0,C2
116,Bois Schnapper,222.81692032865348,2500,3.0,C2
117,Rue Turgot,31.830988618379067,700,1.0,C2
118,Rue de l'Aurore,47.7464829275686,600,1.0,C2
119,Avenue du Maréchal Foch,70.02817496043394,800,2.0,C3
120,Rue Président Roosevelt,19.09859317102744,500,2.0,C3
121,RN13,38.19718634205488,500,1.0,C1
122,Rue Bastiat,28.64788975654116,500,3.0,C4
123,Rue Saint-Leger,25.464790894703256,500,1.0,C1
124,Avenue Gambetta,57.29577951308232,600,1.0,C2
125,Rue Président Roosevelt,31.830988618379067,500,1.0,C2
126,RN13,31.830988618379067,500,1.0,C1
127,Avenue du Maréchal Foch,47.7464829275686,800,2.0,C2
128,Bois Schnapper,190.9859317102744,2000,4.0,C5
129,Rue Saint-Leger,15.915494309189532,600,1.0,C1
130,Bois Schnapper,152.78874536821954,1800,4.0,C5
131,Avenue du Maréchal Foch,73.21127382227186,800,2.0,C2
132,Avenue Saint-Fiacre,31.830988618379067,800,1.0,C2
133,Rue Pereire,35.01408748021697,700,1.0,C1
134,Avenue du Maréchal Foch,54.11268065124442,800,2.0,C2
135,Rue de l'Aurore,28.64788975654116,600,1.0,C2
136,Rue Saint-Leger,35.01408748021697,700,1.0,C2
137,Rue Président Roosevelt,28.64788975654116,500,1.0,C2
138,Avenue Saint-Fiacre,31.830988618379067,800,1.0,C2
139,Avenue Gambetta,44.563384065730695,600,1.0,C2
140,Avenue Gambetta,63.66197723675813,600,1.0,C2
141,Rue Pereire,19.09859317102744,500,1.0,C2
142,RN13,28.64788975654116,500,1.0,C2
143,RN13,31.830988618379067,500,1.0,C1
144,Rue Saint-Leger,19.09859317102744,500,1.0,C2
145,Avenue du Maréchal Foch,70.02817496043394,800,2.0,C2
146,RN13,35.01408748021697,500,1.0,C1
147,RN13,28.64788975654116,500,1.0,C1
148,Rue Saint-Leger,31.830988618379067,700,1.0,C2
149,Rue Pereire,28.64788975654116,700,3.0,C3
150,RN13,28.64788975654116,500,1.0,C2
151,Avenue du Maréchal Foch,63.66197723675813,800,2.0,C2
152,Place Christiane Frahier,28.64788975654116,400,3.0,C1
153,RN13,25.464790894703256,500,1.0,C2
154,Rue de Gramont,38.19718634205488,500,1.0,C2
155,Avenue du Maréchal Foch,63.66197723675813,800,2.0,C2
156,Rue Léon Désoyer,38.19718634205488,500,1.0,C2
157,Avenue Gambetta,57.29577951308232,600,1.0,C2
158,Rue Pereire,25.464790894703256,500,1.0,C1
159,Avenue Gambetta,57.29577951308232,600,1.0,C2
160,Avenue Gambetta,54.11268065124442,600,1.0,C2
161,Avenue Carnot,44.563384065730695,500,1.0,C2
162,RN13,31.830988618379067,500,1.0,C1
163,Avenue du Maréchal Foch,70.02817496043394,800,2.0,C2
164,RN13,35.01408748021697,500,1.0,C1
165,RN13,31.830988618379067,500,1.0,C1
166,Avenue du Maréchal Foch,66.84507609859604,800,2.0,C2
167,Rue Saint-Leger,15.915494309189532,600,1.0,C1
168,Square Giraud Teulon,41.38028520389279,600,1.0,C1
169,Avenue du Maréchal Foch,66.84507609859604,800,2.0,C2
170,Place de la victoire,19.09859317102744,500,1.0,C2
171,Rue Saint-Leger,22.281692032865347,500,1.0,C1
172,Avenue du Maréchal Foch,73.21127382227186,800,2.0,C2
173,Rue Pereire,54.11268065124442,700,2.0,C2
174,Rue Saint-Leger,19.09859317102744,600,1.0,C1
175,Rue Turgot,31.830988618379067,700,1.0,C1
176,Rue de Gramont,31.830988618379067,500,1.0,C2
177,Place Christiane Frahier,28.64788975654116,400,3.0,C1
178,Avenue du Maréchal Foch,63.66197723675813,800,2.0,C2
179,Place Christiane Frahier,28.64788975654116,400,3.0,C1
180,Avenue Gambetta,57.29577951308232,600,1.0,C2
181,Rue Turgot,19.09859317102744,500,1.0,C2
182,Rue Saint-Leger,15.915494309189532,600,1.0,C1
183,Place Christiane Frahier,22.281692032865347,400,3.0,C1
184,Rue Pereire,44.563384065730695,700,3.0,C3
185,Avenue Gambetta,57.29577951308232,600,1.0,C2
186,Rue Léon Désoyer,31.830988618379067,500,1.0,C1
187,RN13,25.464790894703256,500,1.0,C2
188,Avenue Gambetta,54.11268065124442,600,1.0,C2
189,Rue Saint-Leger,25.464790894703256,500,1.0,C2
190,RN13,35.01408748021697,500,1.0,C1
191,Rue Pereire,28.64788975654116,700,1.0,C1
192,Avenue Saint-Fiacre,31.830988618379067,500,1.0,C1
193,Avenue Gambetta,63.66197723675813,600,1.0,C2
194,Avenue du Maréchal Foch,60.47887837492023,800,2.0,C2
195,Rue Saint-Leger,22.281692032865347,500,1.0,C1
196,Rue de l'Aurore,50.92958178940651,600,1.0,C2
197,Avenue Gambetta,63.66197723675813,600,1.0,C2
198,Place des Combattants,35.01408748021697,500,1.0,C2
199,Avenue du Maréchal Foch,89.12676813146139,800,2.0,C2
200,Rue Saint-Leger,25.464790894703256,500,1.0,C1
201,Avenue Gambetta,63.66197723675813,600,1.0,C2
202,Rue Turgot,28.64788975654116,700,1.0,C1
203,Rue Président Roosevelt,28.64788975654116,500,1.0,C2
204,Avenue du Maréchal Foch,54.11268065124442,800,2.0,C2
205,RN13,25.464790894703256,500,2.0,C3
206,Avenue du Maréchal Foch,66.84507609859604,800,2.0,C2
207,Avenue Gambetta,60.47887837492023,600,1.0,C2
208,Rue Bastiat,57.29577951308232,700,3.0,C3
209,Square Louis XIV,79.57747154594767,1400,1.0,C1
210,Place Christiane Frahier,28.64788975654116,400,3.0,C1
211,Rue Pereire,73.21127382227186,700,1.0,C2
212,Rue Léon Désoyer,31.830988618379067,500,1.0,C2
213,Rue de l'Aurore,41.38028520389279,600,1.0,C2
214,RN13,35.01408748021697,500,1.0,C1
215,Avenue Gambetta,54.11268065124442,600,1.0,C2
216,Avenue du Maréchal Foch,66.84507609859604,800,2.0,C2
217,RN13,38.19718634205488,500,1.0,C2
218,Rue des Gaudines,63.66197723675813,1200,1.0,C2
219,RN13,25.464790894703256,500,2.0,C3
220,Rue Pereire,44.563384065730695,500,3.0,C3
221,RN13,31.830988618379067,500,1.0,C1
222,RN13,35.01408748021697,500,1.0,C1
223,RN13,35.01408748021697,500,2.0,C3
224,Rue Saint-Leger,15.915494309189532,600,1.0,C1
225,Rue Pereire,19.09859317102744,500,1.0,C3
226,Rue Turgot,31.830988618379067,700,1.0,C1
227,Avenue Gambetta,60.47887837492023,600,1.0,C2
228,Avenue Gambetta,54.11268065124442,600,1.0,C2
229,Rue Pereire,35.01408748021697,700,1.0,C1
230,Avenue Gambetta,54.11268065124442,600,1.0,C2
231,Rue Bastiat,63.66197723675813,700,2.0,C2
232,Rue Président Roosevelt,28.64788975654116,500,1.0,C2
233,Avenue du Maréchal Foch,47.7464829275686,800,2.0,C2
235,RN13,35.01408748021697,500,1.0,C1
236,Place de la victoire,15.915494309189532,500,2.0,C2
237,Avenue du Maréchal Foch,63.66197723675813,800,2.0,C2
238,Bois Schnapper,108.22536130248884,1500,3.0,C5
239,Avenue du Maréchal Foch,57.29577951308232,800,2.0,C2
240,Place Christiane Frahier,28.64788975654116,400,3.0,C1
241,Place de la victoire,25.464790894703256,500,1.0,C2
242,Avenue du Maréchal Foch,50.92958178940651,800,2.0,C2
243,Rue Saint-Leger,22.281692032865347,500,1.0,C1
244,Rue de l'Aurore,41.38028520389279,600,1.0,C2
245,Rue Pereire,28.64788975654116,700,1.0,C1
246,Rue de l'Aurore,44.563384065730695,600,1.0,C2
247,RN13,31.830988618379067,500,1.0,C1
248,Rue de Gramont,31.830988618379067,500,1.0,C2
249,Rue Pereire,47.7464829275686,700,2.0,C2
250,Avenue du Maréchal Foch,38.19718634205488,800,2.0,C2
251,Avenue du Maréchal Foch,63.66197723675813,800,2.0,C5
252,Avenue du Maréchal Foch,60.47887837492023,800,2.0,C2
253,Rue Pereire,31.830988618379067,700,1.0,C1
254,Nouveau cimetière,41.38028520389279,1200,1.0,C1
255,Rue de Gramont,35.01408748021697,500,1.0,C2
256,Place Christiane Frahier,28.64788975654116,400,3.0,C1
257,Avenue du Maréchal Foch,63.66197723675813,800,2.0,C3
258,Bois Schnapper,222.81692032865348,2500,2.0,C2
259,Rue Saint-Leger,15.915494309189532,600,1.0,C1
260,Place de la victoire,12.732395447351628,500,3.0,C2
261,Rue Saint-Leger,47.7464829275686,700,1.0,C2
262,Rue Saint-Leger,15.915494309189532,600,1.0,C1
263,Rue Turgot,15.915494309189532,400,1.0,C1
264,Rue de Gramont,35.01408748021697,500,1.0,C2
265,Avenue Gambetta,57.29577951308232,600,1.0,C2
266,Avenue du Maréchal Foch,66.84507609859604,800,2.0,C2
267,Rue du Docteur Jean Paul Lamare,28.64788975654116,500,1.0,C2
268,Rue Pereire,28.64788975654116,700,1.0,C2
269,Nouveau cimetière,44.563384065730695,1200,1.0,C1
270,Rue Saint-Leger,22.281692032865347,500,1.0,C1
271,Avenue du Maréchal Foch,89.12676813146139,800,2.0,C2
272,Avenue du Maréchal Foch,44.563384065730695,800,2.0,C2
274,Rue Pereire,19.09859317102744,500,1.0,C1
275,RN13,35.01408748021697,500,1.0,C1
276,RN13,31.830988618379067,500,1.0,C1
277,Avenue Carnot,38.19718634205488,500,1.0,C2
278,Rue Président Roosevelt,25.464790894703256,500,1.0,C2
279,Nouveau cimetière,47.7464829275686,1200,1.0,C1
280,Avenue Gambetta,44.563384065730695,600,1.0,C2
281,Bois Schnapper,70.02817496043394,2200,4.0,C4
282,Rue Pereire,38.19718634205488,700,1.0,C1
283,Place de la victoire,22.281692032865347,500,1.0,C2
284,Avenue Saint-Fiacre,41.38028520389279,800,1.0,C2
285,Rue Saint-Leger,50.92958178940651,700,1.0,C2
286,Avenue Gambetta,70.02817496043394,600,1.0,C2
287,Avenue Saint-Fiacre,35.01408748021697,500,1.0,C3
288,Avenue du Maréchal Foch,60.47887837492023,800,2.0,C2
289,Rue Léon Désoyer,19.09859317102744,500,1.0,C1
290,Avenue Gambetta,57.29577951308232,600,1.0,C2
291,Avenue du Maréchal Foch,60.47887837492023,800,2.0,C2
292,Nouveau cimetière,44.563384065730695,1200,1.0,C1
293,Place Christiane Frahier,22.281692032865347,400,3.0,C1
294,Place Christiane Frahier,15.915494309189532,250,1.0,C1
295,Avenue Gambetta,63.66197723675813,600,1.0,C2
296,RN13,35.01408748021697,500,1.0,C1
297,Rue Pereire,54.11268065124442,700,3.0,C3
298,Rue Pereire,31.830988618379067,700,1.0,C1
299,Avenue Gambetta,50.92958178940651,600,1.0,C2
301,Avenue Gambetta,57.29577951308232,600,1.0,C2
302,Rue Léon Désoyer,35.01408748021697,500,1.0,C2
303,Avenue Saint-Fiacre,60.47887837492023,400,1.0,C2
304,Avenue du Maréchal Foch,66.84507609859604,800,2.0,C3
305,Rue Saint-Leger,15.915494309189532,600,1.0,C1
306,Rue Saint-Leger,22.281692032865347,500,1.0,C1
307,RN13,35.01408748021697,500,1.0,C1
308,Rue Saint-Leger,35.01408748021697,700,1.0,C1
309,Rue Pereire,25.464790894703256,700,1.0,C2
310,Rue de Gramont,35.01408748021697,500,1.0,C2
311,Rue Saint-Leger,15.915494309189532,600,1.0,C1
312,Rue Saint-Leger,38.19718634205488,700,1.0,C1
313,Rue Bastiat,44.563384065730695,700,2.0,C2
314,Avenue Saint-Fiacre,38.19718634205488,500,1.0,C2
315,Rue de Gramont,31.830988618379067,500,1.0,C2
316,Avenue du Maréchal Foch,57.29577951308232,800,2.0,C2
317,Avenue Gambetta,66.84507609859604,600,1.0,C2
318,Avenue du Maréchal Foch,28.64788975654116,800,2.0,C2
319,Avenue Saint-Fiacre,31.830988618379067,500,1.0,C1
320,Avenue du Maréchal Foch,63.66197723675813,800,2.0,C2
321,RN13,31.830988618379067,500,1.0,C1
322,Carrefour RN13,60.47887837492023,1000,1.0,C2
323,Rue Saint-Leger,70.02817496043394,500,2.0,C4
324,Carrefour RN13,63.66197723675813,1000,1.0,C2
325,RN13,19.09859317102744,500,1.0,C1
326,Avenue Gambetta,54.11268065124442,600,1.0,C2
327,Rue Pereire,73.21127382227186,1200,1.0,C3
328,Place Christiane Frahier,28.64788975654116,400,3.0,C1
329,Avenue Gambetta,57.29577951308232,600,1.0,C2
330,Rue Pereire,57.29577951308232,700,1.0,C2
332,RN13,35.01408748021697,500,1.0,C1
333,Avenue Saint-Fiacre,35.01408748021697,500,1.0,C1
334,Avenue Saint-Fiacre,44.563384065730695,800,1.0,C2
335,Rue Léon Désoyer,31.830988618379067,500,1.0,C2
336,RN13,25.464790894703256,600,1.0,C1
337,Avenue du Maréchal Foch,63.66197723675813,800,2.0,C2
338,RN13,38.19718634205488,500,1.0,C1
339,Avenue du Maréchal Foch,28.64788975654116,800,2.0,C2
340,Avenue du Maréchal Foch,60.47887837492023,800,2.0,C2
341,Avenue Gambetta,50.92958178940651,600,1.0,C2
342,Rue Saint-Leger,19.09859317102744,600,1.0,C1
343,RN13,38.19718634205488,500,1.0,C1
344,Avenue du Maréchal Foch,50.92958178940651,800,2.0,C2
345,Rue Turgot,19.09859317102744,500,1.0,C2
346,RN13,35.01408748021697,500,1.0,C1
347,Rue des Gaudines,44.563384065730695,1200,1.0,C2
348,Rue Saint-Leger,22.281692032865347,500,1.0,C2
349,Avenue Saint-Fiacre,22.281692032865347,300,1.0,C1
350,Rue Saint-Leger,22.281692032865347,500,1.0,C2
351,Avenue Gambetta,57.29577951308232,600,1.0,C2
352,Rue Pereire,31.830988618379067,700,1.0,C1
353,Avenue Saint-Fiacre,25.464790894703256,500,1.0,C1
354,Avenue du Maréchal Foch,63.66197723675813,800,2.0,C2
355,Rue Pereire,31.830988618379067,700,1.0,C1
356,Rue Pereire,25.464790894703256,700,3.0,C3
357,Avenue Gambetta,60.47887837492023,600,1.0,C2
358,Rue Saint-Leger,44.563384065730695,700,1.0,C2
359,Rue Turgot,25.464790894703256,700,1.0,C1
360,Rue Président Roosevelt,31.830988618379067,500,1.0,C1
361,Rue Président Roosevelt,35.01408748021697,500,1.0,C2
362,Rue Saint-Leger,50.92958178940651,500,2.0,C4
363,Rue Pereire,25.464790894703256,700,1.0,C2
364,Rue Saint-Leger,38.19718634205488,700,1.0,C2
365,Rue Président Roosevelt,28.64788975654116,500,1.0,C2
366,Avenue du Maréchal Foch,60.47887837492023,800,2.0,C2
367,Avenue du Maréchal Foch,47.7464829275686,800,2.0,C2
368,Avenue Gambetta,66.84507609859604,600,1.0,C2
369,Avenue du Maréchal Foch,85.94366926962348,800,2.0,C2
370,RN13,31.830988618379067,500,1.0,C1
371,Nouveau cimetière,38.19718634205488,1200,1.0,C2
372,Rue Bastiat,63.66197723675813,700,3.0,C3
373,RN13,31.830988618379067,500,1.0,C1
374,Avenue du Maréchal Foch,50.92958178940651,800,2.0,C2
375,Place Christiane Frahier,28.64788975654116,400,3.0,C1
376,Avenue du Maréchal Foch,66.84507609859604,800,2.0,C2
377,Avenue Gambetta,60.47887837492023,600,1.0,C2
378,Rue Saint-Leger,19.09859317102744,700,1.0,C1
379,Avenue du Maréchal Foch,60.47887837492023,800,2.0,C2
380,Avenue du Maréchal Foch,44.563384065730695,800,2.0,C2
381,Rue Saint-Leger,22.281692032865347,500,1.0,C1
382,Rue Président Roosevelt,35.01408748021697,500,1.0,C1
383,Rue Bastiat,15.915494309189532,500,3.0,C2
384,Rue Léon Désoyer,19.09859317102744,500,1.0,C1
385,Rue Saint-Leger,19.09859317102744,600,1.0,C1
386,RN13,28.64788975654116,600,1.0,C2
387,Avenue Saint-Fiacre,25.464790894703256,500,1.0,C1
388,Avenue du Maréchal Foch,76.39437268410977,800,2.0,C2
389,Avenue Gambetta,57.29577951308232,600,1.0,C2
390,Rue Saint-Leger,22.281692032865347,500,1.0,C1
391,Avenue Saint-Fiacre,41.38028520389279,800,1.0,C2
392,Avenue Saint-Fiacre,31.830988618379067,800,1.0,C2
393,Place de la victoire,12.732395447351628,500,1.0,C2
394,Rue Saint-Leger,19.09859317102744,600,1.0,C1
395,Avenue Gambetta,47.7464829275686,600,1.0,C2
396,Rue de Gramont,38.19718634205488,500,1.0,C2
397,Rue Pereire,35.01408748021697,700,1.0,C1
398,Rue de l'Aurore,41.38028520389279,600,1.0,C2
399,Rue Bastiat,35.01408748021697,700,3.0,C3
400,Rue Pereire,66.84507609859604,1200,1.0,C2
402,Rue Saint-Leger,15.915494309189532,600,1.0,C1
403,Rue Saint-Leger,19.09859317102744,500,1.0,C1
404,Rue du Docteur Jean Paul Lamare,31.830988618379067,500,1.0,C2
405,Rue Pereire,35.01408748021697,700,1.0,C1
406,Rue Saint-Leger,19.09859317102744,600,1.0,C1
407,RN13,31.830988618379067,500,1.0,C1
408,Rue Pereire,31.830988618379067,700,1.0,C2
409,Avenue du Maréchal Foch,73.21127382227186,800,2.0,C3
410,Avenue du Maréchal Foch,63.66197723675813,800,2.0,C2
411,Avenue Gambetta,50.92958178940651,600,1.0,C2
412,Rue Saint-Leger,25.464790894703256,500,1.0,C1
413,RN13,31.830988618379067,500,1.0,C1
414,Avenue Gambetta,66.84507609859604,600,1.0,C2
415,RN13,31.830988618379067,500,1.0,C1
416,Rue Saint-Leger,38.19718634205488,700,1.0,C2
418,Avenue Gambetta,63.66197723675813,600,1.0,C2
419,Rue des Gaudines,47.7464829275686,1200,1.0,C2
420,Place Christiane Frahier,22.281692032865347,400,3.0,C1
421,Rue Pereire,28.64788975654116,700,1.0,C2
422,Avenue du Maréchal Foch,44.563384065730695,800,2.0,C2
423,RN13,38.19718634205488,500,1.0,C1
424,Rue Saint-Leger,19.09859317102744,600,1.0,C1
425,RN13,31.830988618379067,500,1.0,C2
426,RN13,38.19718634205488,500,1.0,C2
427,Avenue Saint-Fiacre,82.76057040778558,2000,1.0,C2
428,Rue Léon Désoyer,31.830988618379067,500,1.0,C1
429,Rue Président Roosevelt,35.01408748021697,500,1.0,C2
430,RN13,38.19718634205488,500,1.0,C1
431,RN13,35.01408748021697,500,1.0,C1
432,RN13,38.19718634205488,500,1.0,C1
433,Bois Schnapper,114.59155902616465,2400,2.0,C2
434,Place Christiane Frahier,22.281692032865347,400,3.0,C1
435,Avenue Saint-Fiacre,25.464790894703256,500,1.0,C1
436,Avenue Saint-Fiacre,31.830988618379067,500,1.0,C1
437,Avenue Gambetta,63.66197723675813,600,1.0,C2
438,RN13,28.64788975654116,500,2.0,C3
439,Avenue du Maréchal Foch,79.57747154594767,800,2.0,C2
440,Avenue du Maréchal Foch,76.39437268410977,800,2.0,C2
441,Rue Saint-Leger,22.281692032865347,500,1.0,C2
442,Rue Pereire,35.01408748021697,700,1.0,C2
443,Rue Pereire,25.464790894703256,700,1.0,C2
444,Avenue du Maréchal Foch,76.39437268410977,800,2.0,C2
445,Avenue Gambetta,47.7464829275686,600,1.0,C2
446,Place Christiane Frahier,22.281692032865347,400,3.0,C1
447,RN13,35.01408748021697,500,1.0,C1
448,Place Christiane Frahier,22.281692032865347,400,3.0,C1
449,Rue Président Roosevelt,31.830988618379067,500,1.0,C2
451,Avenue du Maréchal Foch,76.39437268410977,800,2.0,C2
452,Avenue Saint-Fiacre,38.19718634205488,800,1.0,C2
453,Avenue du Maréchal Foch,60.47887837492023,800,2.0,C2
454,Rue Pereire,35.01408748021697,700,4.0,C5
455,Rue Président Roosevelt,31.830988618379067,500,1.0,C2
456,Rue Saint-Leger,70.02817496043394,500,2.0,C3
457,Avenue Gambetta,47.7464829275686,600,1.0,C2
458,Avenue du Maréchal Foch,57.29577951308232,800,2.0,C2
459,Rue Pereire,28.64788975654116,700,1.0,C1
460,Rue Saint-Leger,25.464790894703256,500,1.0,C1
461,Rue Bastiat,47.7464829275686,700,3.0,C3
462,Avenue du Maréchal Foch,57.29577951308232,800,2.0,C2
463,Rue de Gramont,31.830988618379067,500,1.0,C2
464,Rue Thiers,25.464790894703256,400,1.0,C1
465,Avenue Saint-Fiacre,50.92958178940651,1200,1.0,C3
466,Avenue du Maréchal Foch,47.7464829275686,800,2.0,C2
467,Rue Pereire,15.915494309189532,500,3.0,C4
468,Avenue Gambetta,41.38028520389279,600,1.0,C2
470,Avenue du Maréchal Foch,63.66197723675813,800,2.0,C2
471,Rue Turgot,28.64788975654116,700,1.0,C1
472,Rue Président Roosevelt,31.830988618379067,500,1.0,C2
473,Place Christiane Frahier,28.64788975654116,400,3.0,C1
474,RN13,31.830988618379067,500,1.0,C1
475,RN13,35.01408748021697,500,1.0,C1
476,Rue Léon Désoyer,31.830988618379067,500,1.0,C2
477,Rue des Gaudines,66.84507609859604,1200,1.0,C2
478,Place Christiane Frahier,28.64788975654116,400,3.0,C1
479,RN13,31.830988618379067,500,1.0,C1
480,Avenue Gambetta,57.29577951308232,600,1.0,C2
481,Avenue Gambetta,47.7464829275686,600,1.0,C2
483,Avenue Saint-Fiacre,31.830988618379067,500,1.0,C1
484,Rue Saint-Leger,19.09859317102744,600,1.0,C1
485,Rue Thiers,22.281692032865347,400,1.0,C1
486,RN13,28.64788975654116,500,1.0,C2
488,Rue Saint-Leger,19.09859317102744,600,1.0,C1
490,Avenue du Maréchal Foch,70.02817496043394,800,2.0,C2
491,Place des Combattants,41.38028520389279,500,1.0,C2
492,Avenue du Maréchal Foch,63.66197723675813,800,2.0,C2
493,RN13,31.830988618379067,500,1.0,C1
494,Rue Président Roosevelt,38.19718634205488,500,1.0,C2
495,Place Christiane Frahier,22.281692032865347,400,3.0,C1
496,Rue Saint-Leger,19.09859317102744,600,1.0,C1
497,Rue Saint-Leger,15.915494309189532,600,1.0,C1
498,Rue Président Roosevelt,31.830988618379067,500,1.0,C1
499,Avenue Gambetta,44.563384065730695,600,1.0,C2
500,Rue du Docteur Jean Paul Lamare,25.464790894703256,500,1.0,C1
501,RN13,28.64788975654116,500,2.0,C3
502,Avenue du Maréchal Foch,73.21127382227186,800,2.0,C2
503,Avenue du Maréchal Foch,60.47887837492023,800,2.0,C2
504,Rue Saint-Leger,25.464790894703256,500,1.0,C1
505,RN13,31.830988618379067,500,1.0,C2
506,Avenue Gambetta,54.11268065124442,600,1.0,C2
507,RN13,35.01408748021697,500,1.0,C1
508,Avenue du Maréchal Foch,63.66197723675813,800,2.0,C2
509,RN13,31.830988618379067,500,1.0,C2
510,RN13,25.464790894703256,600,1.0,C1
511,Avenue Saint-Fiacre,82.76057040778558,2000,1.0,C2
512,Rue Bastiat,31.830988618379067,700,3.0,C3
513,RN13,19.09859317102744,500,1.0,C2
514,Avenue du Maréchal Foch,47.7464829275686,800,2.0,C2
515,Avenue du Maréchal Foch,76.39437268410977,800,2.0,C2
516,Avenue du Maréchal Foch,66.84507609859604,800,2.0,C2
517,Rue Saint-Leger,41.38028520389279,700,1.0,C2
518,Rue Pereire,38.19718634205488,500,1.0,C3
519,Avenue Gambetta,70.02817496043394,600,1.0,C2
520,Avenue Saint-Fiacre,41.38028520389279,800,1.0,C2
521,Avenue Saint-Fiacre,44.563384065730695,800,1.0,C2
522,Carrefour RN13,57.29577951308232,1800,1.0,C2
523,Avenue Gambetta,66.84507609859604,600,1.0,C2
524,Avenue du Maréchal Foch,66.84507609859604,800,2.0,C2
525,RN13,28.64788975654116,600,1.0,C1
526,Rue Bastiat,54.11268065124442,700,3.0,C3
527,Rue Turgot,28.64788975654116,700,1.0,C1
528,Avenue du Maréchal Foch,50.92958178940651,800,2.0,C2
529,Rue Pereire,22.281692032865347,500,1.0,C1
530,RN13,31.830988618379067,500,1.0,C1
531,Place de la victoire,22.281692032865347,500,1.0,C2
532,Rue de l'Aurore,28.64788975654116,600,1.0,C2
533,Rue Saint-Leger,35.01408748021697,700,1.0,C2
534,Place Christiane Frahier,28.64788975654116,400,3.0,C1
535,RN13,35.01408748021697,500,1.0,C1
536,Rue Président Roosevelt,28.64788975654116,500,1.0,C2
537,RN13,35.01408748021697,500,1.0,C1
538,Avenue Saint-Fiacre,60.47887837492023,800,1.0,C2
539,RN13,35.01408748021697,500,1.0,C1
540,Avenue Saint-Fiacre,44.563384065730695,500,1.0,C1
541,Avenue du Maréchal Foch,50.92958178940651,800,2.0,C2
542,Rue Léon Désoyer,31.830988618379067,500,1.0,C2
543,Avenue du Maréchal Foch,70.02817496043394,800,2.0,C2
544,Rue de Gramont,35.01408748021697,500,1.0,C2
545,Avenue Gambetta,50.92958178940651,600,1.0,C2
546,Avenue Saint-Fiacre,38.19718634205488,800,1.0,C2
547,RN13,22.281692032865347,500,1.0,C1
548,RN13,19.09859317102744,500,1.0,C1
549,Rue Turgot,28.64788975654116,700,1.0,C1
550,Avenue du Maréchal Foch,50.92958178940651,800,2.0,C2
551,Rue Saint-Leger,15.915494309189532,600,1.0,C1
552,Avenue Saint-Fiacre,35.01408748021697,500,1.0,C1
553,RN13,25.464790894703256,500,1.0,C2
554,Avenue du Maréchal Foch,57.29577951308232,800,2.0,C2
555,Rue Saint-Leger,19.09859317102744,600,1.0,C1
556,Avenue du Maréchal Foch,44.563384065730695,800,2.0,C2
557,Rue Pereire,70.02817496043394,700,2.0,C2
558,Rue Pereire,66.84507609859604,700,3.0,C3
